Strategy,Total Return,Annual Return,Volatility,Sharpe Ratio,Sortino Ratio,Max Drawdown,Calmar Ratio,Win Rate,Turnover,Final Value,Best Day,Worst Day,VaR 95%,CVaR 95%
SPY Benchmark,0.5757647190671438,0.2564323080453166,0.12798248739754453,1.6922147209598808,2.7079145103113285,-0.09974305394329958,2.570928981090647,0.5737051792828686,0.0,157576.47190671437,0.024865666483952387,-0.029803417870232773,-0.013772826555587314,-0.017281271173366065
Equal-Weighted,0.5606963582066348,0.2503865830044587,0.12581789606572605,1.6835036404220516,2.7128706031873904,-0.11110475644255305,2.2536081354349724,0.5737051792828686,0.0,156069.63582066348,0.029526305472489855,-0.029947694977718917,-0.013198324950422077,-0.01695504725421509
HRP,0.24494054704985044,0.11625609956868943,0.07835796167003369,1.2074686029275565,1.8725632868113375,-0.0766759370332368,1.5162005717425504,0.549800796812749,0.4397650575123789,124494.05470498504,0.017399088597381564,-0.018159450656136916,-0.008059567059537422,-0.01053933716590537
Black-Litterman,0.5606963582066348,0.2503865830044587,0.12581789606572605,1.6835036404220516,2.7128706031873904,-0.11110475644255305,2.2536081354349724,0.5737051792828686,0.0,156069.63582066348,0.029526305472489855,-0.029947694977718917,-0.013198324950422077,-0.01695504725421509
Constrained-Optimal,0.5606963582066348,0.2503865830044587,0.12581789606572605,1.6835036404220516,2.7128706031873904,-0.11110475644255305,2.2536081354349724,0.5737051792828686,0.0,156069.63582066348,0.029526305472489855,-0.029947694977718917,-0.013198324950422077,-0.01695504725421509
RL-PPO,0.7031339279296176,0.30642672280291006,0.1416608349295794,1.8175396467901794,3.0200366082052144,-0.10950439850957282,2.7983051546200897,0.5717131474103586,0.026868932400324282,170313.39279296176,0.03247015638724512,-0.03154421684431296,-0.01435382187602439,-0.019015555723583884
