,PPO (Trained),SciPy Optimal,HRP
Total Return,0.016372602342650498,0.3086,0.026333740055785457
Annualized Return,0.5757328449092574,0.20693017260525148,0.9251868141428281
Volatility,0.10961229374694037,0.1969,0.08104860589635703
Sharpe,5.069986457835343,0.9443124045340662,11.168443974228982
Max Drawdown,-0.015076174546713067,-0.24820527368255643,-0.008907211503898498
Win Rate,0.6666666666666666,0.5575,0.8
