,SAC,PPO,SciPy Optimal
Total Return,0.13291374592237348,0.15493729805719864,0.3086
Annualized Return,0.15144942326918875,0.17677600697133644,0.20693017260525148
Volatility,0.18285940340383258,0.17469772203412168,0.1969
Sharpe Ratio,0.7188551467538786,0.8974130008444827,0.9443124045340662
Max Drawdown,-0.17100860895572972,-0.15669669323950292,-0.24820527368255643
Win Rate,0.5381165919282511,0.5381165919282511,0.5575
Episode Length (days),223.0,223.0,250.0
